Workbook

Sheet Dashboard
B2: ORDER TRACKING
B4: ORDER & UNIT RECONCILIATION • INDEPENDENT PORTFOLIO • SYNTHETIC DATA
B7: TOTAL ORDERS | C7: TOTAL ORDERS | D7: TOTAL ORDERS | F7: UNITS REQUIRED | G7: UNITS REQUIRED | H7: UNITS REQUIRED | J7: UNITS RECEIVED | K7: UNITS RECEIVED | L7: UNITS RECEIVED
B8: =COUNTA('Order Summary'!A5:A24) -> 20 | F8: =SUM('Order Summary'!B5:B24) -> 139 | J8: =SUM('Order Summary'!C5:C24) -> 99
O9: {=IF(B19="","",_xlfn._xlws.FILTER('Unit Register'!A2:E1000,(ISNUMBER(SEARCH(B19,'Unit Register'!A2:A1000))+ISNUMBER(SEARCH(B19,'Unit Register'!B2:B1000)))>0,"No matching records"))}
B12: UNITS SHORT | C12: UNITS SHORT | D12: UNITS SHORT | F12: COMPLETE ORDERS | G12: COMPLETE ORDERS | H12: COMPLETE ORDERS | J12: INCOMPLETE ORDERS | K12: INCOMPLETE ORDERS | L12: INCOMPLETE ORDERS
B13: =SUM('Order Summary'!D5:D24) -> 40 | F13: =COUNTIF('Order Summary'!E5:E24,"Complete") -> 4 | J13: =COUNTIF('Order Summary'!E5:E24,"Incomplete") -> 16
B18: ORDER STATUS | C18: ORDER STATUS | D18: ORDER STATUS | E18: ORDER STATUS | F18: ORDER STATUS | G18: ORDER STATUS | H18: ORDER STATUS | J18: DATA QUALITY | K18: DATA QUALITY | L18: DATA QUALITY | M18: DATA QUALITY | N18: DATA QUALITY | O18: DATA QUALITY
B20: Status | C20: Orders | J20: Audit control | K20: Count
B21: Complete | C21: =COUNTIF('Order Summary'!E5:E24,"Complete") -> 4 | J21: Duplicate SNs | K21: ='Audit Checks'!B5 -> 2
B22: Incomplete | C22: =COUNTIF('Order Summary'!E5:E24,"Incomplete") -> 16 | J22: Missing SNs | K22: ='Audit Checks'!B6 -> 0
J23: Missing Order IDs | K23: ='Audit Checks'!B7 -> 0
J24: Review records | K24: ='Audit Checks'!B8 -> 2
B27: ORDER RECONCILIATION | REQUIRED VS RECEIVED
B29: Order ID | D29: Required | F29: Received | H29: Short | J29: Status | L29: Last Receipt | N29: Days Open
B30: ='Order Summary'!A5 -> DEMO-ORD-001 | D30: ='Order Summary'!B5 -> 9 | F30: ='Order Summary'!C5 -> 6 | H30: ='Order Summary'!D5 -> 3 | J30: ='Order Summary'!E5 -> Incomplete | L30: ='Order Summary'!F5 -> 46300 | N30: ='Order Summary'!G5 -> 5
B31: ='Order Summary'!A6 -> DEMO-ORD-002 | D31: ='Order Summary'!B6 -> 4 | F31: ='Order Summary'!C6 -> 3 | H31: ='Order Summary'!D6 -> 1 | J31: ='Order Summary'!E6 -> Incomplete | L31: ='Order Summary'!F6 -> 46298 | N31: ='Order Summary'!G6 -> 7
B32: ='Order Summary'!A7 -> DEMO-ORD-003 | D32: ='Order Summary'!B7 -> 5 | F32: ='Order Summary'!C7 -> 1 | H32: ='Order Summary'!D7 -> 4 | J32: ='Order Summary'!E7 -> Incomplete | L32: ='Order Summary'!F7 -> 46292 | N32: ='Order Summary'!G7 -> 13
B33: ='Order Summary'!A8 -> DEMO-ORD-004 | D33: ='Order Summary'!B8 -> 3 | F33: ='Order Summary'!C8 -> 0 | H33: ='Order Summary'!D8 -> 3 | J33: ='Order Summary'!E8 -> Incomplete | L33: ='Order Summary'!F8 -> 0 | N33: ='Order Summary'!G8 -> 46305
B34: ='Order Summary'!A9 -> DEMO-ORD-005 | D34: ='Order Summary'!B9 -> 2 | F34: ='Order Summary'!C9 -> 2 | H34: ='Order Summary'!D9 -> 0 | J34: ='Order Summary'!E9 -> Complete | L34: ='Order Summary'!F9 -> 46294 | N34: ='Order Summary'!G9 -> 11
B35: ='Order Summary'!A10 -> DEMO-ORD-006 | D35: ='Order Summary'!B10 -> 3 | F35: ='Order Summary'!C10 -> 3 | H35: ='Order Summary'!D10 -> 0 | J35: ='Order Summary'!E10 -> Complete | L35: ='Order Summary'!F10 -> 46299 | N35: ='Order Summary'!G10 -> 6
B36: ='Order Summary'!A11 -> DEMO-ORD-007 | D36: ='Order Summary'!B11 -> 10 | F36: ='Order Summary'!C11 -> 7 | H36: ='Order Summary'!D11 -> 3 | J36: ='Order Summary'!E11 -> Incomplete | L36: ='Order Summary'!F11 -> 46300 | N36: ='Order Summary'!G11 -> 5
B37: ='Order Summary'!A12 -> DEMO-ORD-008 | D37: ='Order Summary'!B12 -> 7 | F37: ='Order Summary'!C12 -> 6 | H37: ='Order Summary'!D12 -> 1 | J37: ='Order Summary'!E12 -> Incomplete | L37: ='Order Summary'!F12 -> 46296 | N37: ='Order Summary'!G12 -> 9
B38: ='Order Summary'!A13 -> DEMO-ORD-009 | D38: ='Order Summary'!B13 -> 2 | F38: ='Order Summary'!C13 -> 2 | H38: ='Order Summary'!D13 -> 0 | J38: ='Order Summary'!E13 -> Complete | L38: ='Order Summary'!F13 -> 46287 | N38: ='Order Summary'!G13 -> 18
B39: ='Order Summary'!A14 -> DEMO-ORD-010 | D39: ='Order Summary'!B14 -> 8 | F39: ='Order Summary'!C14 -> 5 | H39: ='Order Summary'!D14 -> 3 | J39: ='Order Summary'!E14 -> Incomplete | L39: ='Order Summary'!F14 -> 46297 | N39: ='Order Summary'!G14 -> 8
B40: ='Order Summary'!A15 -> DEMO-ORD-011 | D40: ='Order Summary'!B15 -> 7 | F40: ='Order Summary'!C15 -> 7 | H40: ='Order Summary'!D15 -> 0 | J40: ='Order Summary'!E15 -> Complete | L40: ='Order Summary'!F15 -> 46297 | N40: ='Order Summary'!G15 -> 8
B41: ='Order Summary'!A16 -> DEMO-ORD-012 | D41: ='Order Summary'!B16 -> 7 | F41: ='Order Summary'!C16 -> 4 | H41: ='Order Summary'!D16 -> 3 | J41: ='Order Summary'!E16 -> Incomplete | L41: ='Order Summary'!F16 -> 46288 | N41: ='Order Summary'!G16 -> 17
... B44: ='Order Summary'!A19 -> DEMO-ORD-015 | D44: ='Order Summary'!B19 -> 6 | F44: ='Order Summary'!C19 -> 5 | H44: ='Order Summary'!D19 -> 1 | J44: ='Order Summary'!E19 -> Incomplete | L44: ='Order Summary'!F19 -> 46293 | N44: ='Order Summary'!G19 -> 12

Sheet Unit Register
A1: UNIT REGISTER | DEMO DATA
A4: Order ID | B4: Serial Number | C4: Product Model | D4: Received Date | E4: Batch ID | F4: Review State | G4: Duplicate Check
A5: DEMO-ORD-001 | B5: DEMO-SN-800001 | C5: DEMO-GAMMA | D5: 46284 | E5: BATCH-001 | F5: Verified | G5: =IF(B5="","MISSING SN",IF(COUNTIF($B$5:$B$500,B5)>1,"DUPLICATE","OK")) -> OK
A6: DEMO-ORD-001 | B6: DEMO-SN-800002 | C6: DEMO-DELTA | D6: 46280 | E6: BATCH-001 | F6: Verified | G6: =IF(B6="","MISSING SN",IF(COUNTIF($B$5:$B$500,B6)>1,"DUPLICATE","OK")) -> OK
A7: DEMO-ORD-001 | B7: DEMO-SN-800003 | C7: DEMO-GAMMA | D7: 46295 | E7: BATCH-001 | F7: Verified | G7: =IF(B7="","MISSING SN",IF(COUNTIF($B$5:$B$500,B7)>1,"DUPLICATE","OK")) -> OK
A8: DEMO-ORD-001 | B8: DEMO-SN-800004 | C8: DEMO-GAMMA | D8: 46300 | E8: BATCH-001 | F8: Verified | G8: =IF(B8="","MISSING SN",IF(COUNTIF($B$5:$B$500,B8)>1,"DUPLICATE","OK")) -> DUPLICATE
A9: DEMO-ORD-001 | B9: DEMO-SN-800005 | C9: DEMO-DELTA | D9: 46299 | E9: BATCH-001 | F9: Verified | G9: =IF(B9="","MISSING SN",IF(COUNTIF($B$5:$B$500,B9)>1,"DUPLICATE","OK")) -> OK
A10: DEMO-ORD-001 | B10: DEMO-SN-800006 | C10: DEMO-BETA | D10: 46297 | E10: BATCH-001 | F10: Verified | G10: =IF(B10="","MISSING SN",IF(COUNTIF($B$5:$B$500,B10)>1,"DUPLICATE","OK")) -> OK
A11: DEMO-ORD-001 | B11: DEMO-SN-800007 | C11: DEMO-ALPHA | D11: 46299 | E11: BATCH-001 | F11: Verified | G11: =IF(B11="","MISSING SN",IF(COUNTIF($B$5:$B$500,B11)>1,"DUPLICATE","OK")) -> OK
A12: DEMO-ORD-002 | B12: DEMO-SN-800008 | C12: DEMO-GAMMA | D12: 46285 | E12: BATCH-002 | F12: Verified | G12: =IF(B12="","MISSING SN",IF(COUNTIF($B$5:$B$500,B12)>1,"DUPLICATE","OK")) -> OK
A13: DEMO-ORD-002 | B13: DEMO-SN-800009 | C13: DEMO-GAMMA | D13: 46286 | E13: BATCH-002 | F13: Verified | G13: =IF(B13="","MISSING SN",IF(COUNTIF($B$5:$B$500,B13)>1,"DUPLICATE","OK")) -> OK
A14: DEMO-ORD-002 | B14: DEMO-SN-800010 | C14: DEMO-ALPHA | D14: 46298 | E14: BATCH-002 | F14: Verified | G14: =IF(B14="","MISSING SN",IF(COUNTIF($B$5:$B$500,B14)>1,"DUPLICATE","OK")) -> OK
A15: DEMO-ORD-003 | B15: DEMO-SN-800011 | C15: DEMO-GAMMA | D15: 46292 | E15: BATCH-003 | F15: Verified | G15: =IF(B15="","MISSING SN",IF(COUNTIF($B$5:$B$500,B15)>1,"DUPLICATE","OK")) -> OK
A16: DEMO-ORD-005 | B16: DEMO-SN-800012 | C16: DEMO-BETA | D16: 46282 | E16: BATCH-005 | F16: Verified | G16: =IF(B16="","MISSING SN",IF(COUNTIF($B$5:$B$500,B16)>1,"DUPLICATE","OK")) -> OK
... A105: DEMO-ORD-019 | B105: DEMO-SN-80095 | C105: DEMO-BETA | D105: 46297 | E105: BATCH-020 | F105: Review | G105: =IF(B105="","MISSING SN",IF(COUNTIF($B$5:$B$500,B105)>1,"DUPLICATE","OK")) -> OK
A106: 6889 | B106: DEMO-SN-80100 | C106: DEMO-ALPHA | D106: OCT,2.2026 | E106: BATCH-020 | G106: =IF(B106="","MISSING SN",IF(COUNTIF($B$5:$B$500,B106)>1,"DUPLICATE","OK")) -> OK
A107: 880 | B107: DEMO-SN-80099 | C107: DOMO-ALPHA | G107: =IF(B107="","MISSING SN",IF(COUNTIF($B$5:$B$500,B107)>1,"DUPLICATE","OK")) -> OK

Sheet Order Summary
A1: ORDER SUMMARY | REQUIRED VS RECEIVED
A4: Order ID | B4: Required Units | C4: Received Units | D4: Units Short | E4: Completion | F4: Last Receipt | G4: Days Since Receipt
A5: DEMO-ORD-001 | B5: 9 | C5: =COUNTIFS('Unit Register'!$A$5:$A$500,A5,'Unit Register'!$G$5:$G$500,"OK") -> 6 | D5: =MAX(0,B5-C5) -> 3 | E5: =IF(D5=0,"Complete","Incomplete") -> Incomplete | F5: =IFERROR(_xlfn.MAXIFS('Unit Register'!$D$5:$D$500,'Unit Register'!$A$5:$A$500,A5),"") -> 46300 | G5: =IF(F5="","",TODAY()-F5) -> 5
A6: DEMO-ORD-002 | B6: 4 | C6: =COUNTIFS('Unit Register'!$A$5:$A$500,A6,'Unit Register'!$G$5:$G$500,"OK") -> 3 | D6: =MAX(0,B6-C6) -> 1 | E6: =IF(D6=0,"Complete","Incomplete") -> Incomplete | F6: =IFERROR(_xlfn.MAXIFS('Unit Register'!$D$5:$D$500,'Unit Register'!$A$5:$A$500,A6),"") -> 46298 | G6: =IF(F6="","",TODAY()-F6) -> 7
A7: DEMO-ORD-003 | B7: 5 | C7: =COUNTIFS('Unit Register'!$A$5:$A$500,A7,'Unit Register'!$G$5:$G$500,"OK") -> 1 | D7: =MAX(0,B7-C7) -> 4 | E7: =IF(D7=0,"Complete","Incomplete") -> Incomplete | F7: =IFERROR(_xlfn.MAXIFS('Unit Register'!$D$5:$D$500,'Unit Register'!$A$5:$A$500,A7),"") -> 46292 | G7: =IF(F7="","",TODAY()-F7) -> 13
A8: DEMO-ORD-004 | B8: 3 | C8: =COUNTIFS('Unit Register'!$A$5:$A$500,A8,'Unit Register'!$G$5:$G$500,"OK") -> 0 | D8: =MAX(0,B8-C8) -> 3 | E8: =IF(D8=0,"Complete","Incomplete") -> Incomplete | F8: =IFERROR(_xlfn.MAXIFS('Unit Register'!$D$5:$D$500,'Unit Register'!$A$5:$A$500,A8),"") -> 0 | G8: =IF(F8="","",TODAY()-F8) -> 46305
A9: DEMO-ORD-005 | B9: 2 | C9: =COUNTIFS('Unit Register'!$A$5:$A$500,A9,'Unit Register'!$G$5:$G$500,"OK") -> 2 | D9: =MAX(0,B9-C9) -> 0 | E9: =IF(D9=0,"Complete","Incomplete") -> Complete | F9: =IFERROR(_xlfn.MAXIFS('Unit Register'!$D$5:$D$500,'Unit Register'!$A$5:$A$500,A9),"") -> 46294 | G9: =IF(F9="","",TODAY()-F9) -> 11
A10: DEMO-ORD-006 | B10: 3 | C10: =COUNTIFS('Unit Register'!$A$5:$A$500,A10,'Unit Register'!$G$5:$G$500,"OK") -> 3 | D10: =MAX(0,B10-C10) -> 0 | E10: =IF(D10=0,"Complete","Incomplete") -> Complete | F10: =IFERROR(_xlfn.MAXIFS('Unit Register'!$D$5:$D$500,'Unit Register'!$A$5:$A$500,A10),"") -> 46299 | G10: =IF(F10="","",TODAY()-F10) -> 6
A11: DEMO-ORD-007 | B11: 10 | C11: =COUNTIFS('Unit Register'!$A$5:$A$500,A11,'Unit Register'!$G$5:$G$500,"OK") -> 7 | D11: =MAX(0,B11-C11) -> 3 | E11: =IF(D11=0,"Complete","Incomplete") -> Incomplete | F11: =IFERROR(_xlfn.MAXIFS('Unit Register'!$D$5:$D$500,'Unit Register'!$A$5:$A$500,A11),"") -> 46300 | G11: =IF(F11="","",TODAY()-F11) -> 5
A12: DEMO-ORD-008 | B12: 7 | C12: =COUNTIFS('Unit Register'!$A$5:$A$500,A12,'Unit Register'!$G$5:$G$500,"OK") -> 6 | D12: =MAX(0,B12-C12) -> 1 | E12: =IF(D12=0,"Complete","Incomplete") -> Incomplete | F12: =IFERROR(_xlfn.MAXIFS('Unit Register'!$D$5:$D$500,'Unit Register'!$A$5:$A$500,A12),"") -> 46296 | G12: =IF(F12="","",TODAY()-F12) -> 9
A13: DEMO-ORD-009 | B13: 2 | C13: =COUNTIFS('Unit Register'!$A$5:$A$500,A13,'Unit Register'!$G$5:$G$500,"OK") -> 2 | D13: =MAX(0,B13-C13) -> 0 | E13: =IF(D13=0,"Complete","Incomplete") -> Complete | F13: =IFERROR(_xlfn.MAXIFS('Unit Register'!$D$5:$D$500,'Unit Register'!$A$5:$A$500,A13),"") -> 46287 | G13: =IF(F13="","",TODAY()-F13) -> 18
A14: DEMO-ORD-010 | B14: 8 | C14: =COUNTIFS('Unit Register'!$A$5:$A$500,A14,'Unit Register'!$G$5:$G$500,"OK") -> 5 | D14: =MAX(0,B14-C14) -> 3 | E14: =IF(D14=0,"Complete","Incomplete") -> Incomplete | F14: =IFERROR(_xlfn.MAXIFS('Unit Register'!$D$5:$D$500,'Unit Register'!$A$5:$A$500,A14),"") -> 46297 | G14: =IF(F14="","",TODAY()-F14) -> 8
A15: DEMO-ORD-011 | B15: 7 | C15: =COUNTIFS('Unit Register'!$A$5:$A$500,A15,'Unit Register'!$G$5:$G$500,"OK") -> 7 | D15: =MAX(0,B15-C15) -> 0 | E15: =IF(D15=0,"Complete","Incomplete") -> Complete | F15: =IFERROR(_xlfn.MAXIFS('Unit Register'!$D$5:$D$500,'Unit Register'!$A$5:$A$500,A15),"") -> 46297 | G15: =IF(F15="","",TODAY()-F15) -> 8
A16: DEMO-ORD-012 | B16: 7 | C16: =COUNTIFS('Unit Register'!$A$5:$A$500,A16,'Unit Register'!$G$5:$G$500,"OK") -> 4 | D16: =MAX(0,B16-C16) -> 3 | E16: =IF(D16=0,"Complete","Incomplete") -> Incomplete | F16: =IFERROR(_xlfn.MAXIFS('Unit Register'!$D$5:$D$500,'Unit Register'!$A$5:$A$500,A16),"") -> 46288 | G16: =IF(F16="","",TODAY()-F16) -> 17
... A24: DEMO-ORD-020 | B24: 11 | C24: =COUNTIFS('Unit Register'!$A$5:$A$500,A24,'Unit Register'!$G$5:$G$500,"OK") -> 10 | D24: =MAX(0,B24-C24) -> 1 | E24: =IF(D24=0,"Complete","Incomplete") -> Incomplete | F24: =IFERROR(_xlfn.MAXIFS('Unit Register'!$D$5:$D$500,'Unit Register'!$A$5:$A$500,A24),"") -> 46299 | G24: =IF(F24="","",TODAY()-F24) -> 6

Sheet Audit Checks
A1: AUDIT CHECKS | DATA QUALITY
A4: Control | B4: Result
A5: Duplicate serial rows | B5: =COUNTIF('Unit Register'!G5:G500,"DUPLICATE") -> 2
A6: Missing serial numbers | B6: =COUNTIF('Unit Register'!G5:G500,"MISSING SN") -> 0
A7: Missing order IDs | B7: =COUNTIFS('Unit Register'!C5:C500,"<>",'Unit Register'!A5:A500,"") -> 0
A8: Records marked Review | B8: =COUNTIF('Unit Register'!F5:F500,"Review") -> 2

Sheet Read Me
A1: PROJECT GUIDE | SAFE PORTFOLIO EDITION
A4: Project | B4: Order & Unit Reconciliation Dashboard
A5: Purpose | B5: Demonstrate spreadsheet-based traceability and data quality controls.
A6: Data policy | B6: All company names, order IDs, serial IDs, models, dates, and batches are fictional.
A7: Unit Register | B7: One row per received unit; formulas flag duplicate or missing serial IDs.
A8: Order Summary | B8: Required quantity compared with verified unique received units.
A9: Audit Checks | B9: Quality-control exceptions for manual review.
A10: Dashboard | B10: Formula-linked summary metrics; refreshes when spreadsheet recalculates.
A11: Limitations | B11: No ERP connection, no production deployment, no company endorsement.
A12: Usage | B12: Edit demo inputs only; maintain unique serial IDs and consistent order IDs.
A13: Portfolio note | B13: This is an independent demonstration built using synthetic data.
